,Store,Temperature,Unemployment,IsHoliday,Dept,Weekly_Sales
Store,1.0,-0.049382649848866186,0.2061946913134014,-0.0003994099351312795,0.025320002856756715,-0.08446923843024763
Temperature,-0.049382649848866186,1.0,0.16978782917645843,-0.1780839610713618,0.003923458332083058,-0.0042741122012513325
Unemployment,0.2061946913134014,0.16978782917645843,1.0,-0.010220458413833414,0.009825147690633265,-0.02446276658484274
IsHoliday,-0.0003994099351312795,-0.1780839610713618,-0.010220458413833414,1.0,0.0015139067773328931,0.014298610706584475
Dept,0.025320002856756715,0.003923458332083058,0.009825147690633265,0.0015139067773328931,1.0,0.14470293280278324
Weekly_Sales,-0.08446923843024763,-0.0042741122012513325,-0.02446276658484274,0.014298610706584475,0.14470293280278324,1.0
